{"url": "ws://relay.magic-wormhole.io:4000/v1", "welcome": {}, "kind": "welcome", "timestamp": 0}
{"code": "3-sympathy-chairlift", "kind": "code-allocated", "timestamp": 0}
{"verifier": "509c29028ed1260cf8f4d435ce16a83a0c75e8fa1c1fb3946edc2a2bbc274b2d", "versions": {"fowl": {"features": {"core": {}}}}, "kind": "peer-connected", "timestamp": 0}
{"listener_id": "5643F7", "listen": "tcp:4444:interface=localhost", "connect": "tcp:localhost:22", "kind": "listening", "timestamp": 0}
{"id": 1, "endpoint": "tcp:localhost:22", "listener_id": "5643F7", "kind": "outgoing-connection", "timestamp": 0.4547884464263916}
{"id": 1, "bytes": 40, "kind": "bytes-out", "timestamp": 0.6711363792419434}
{"id": 1, "bytes": 40, "kind": "bytes-in", "timestamp": 0.6722104549407959}
{"id": 1, "bytes": 1536, "kind": "bytes-in", "timestamp": 0.6751244068145752}
{"id": 1, "bytes": 1136, "kind": "bytes-out", "timestamp": 0.9252605438232422}
{"id": 1, "bytes": 48, "kind": "bytes-in", "timestamp": 0.9335944652557373}
{"id": 1, "bytes": 596, "kind": "bytes-out", "timestamp": 1.2847259044647217}
{"id": 1, "bytes": 16, "kind": "bytes-in", "timestamp": 1.2977757453918457}
{"id": 1, "bytes": 44, "kind": "bytes-in", "timestamp": 1.2992222309112549}
{"id": 1, "bytes": 44, "kind": "bytes-out", "timestamp": 1.6391205787658691}
{"id": 1, "bytes": 68, "kind": "bytes-in", "timestamp": 1.6405739784240723}
{"id": 1, "bytes": 44, "kind": "bytes-out", "timestamp": 1.999800682067871}
{"id": 1, "bytes": 140, "kind": "bytes-in", "timestamp": 2.001509428024292}
{"id": 1, "bytes": 100, "kind": "bytes-out", "timestamp": 2.3597636222839355}
{"id": 1, "bytes": 228, "kind": "bytes-in", "timestamp": 2.3670191764831543}
{"id": 1, "bytes": 28, "kind": "bytes-out", "timestamp": 2.7264091968536377}
{"id": 1, "bytes": 112, "kind": "bytes-in", "timestamp": 2.7281928062438965}
{"id": 1, "bytes": 796, "kind": "bytes-out", "timestamp": 2.7953217029571533}
{"id": 1, "bytes": 44, "kind": "bytes-out", "timestamp": 3.0841448307037354}
{"id": 1, "bytes": 1088, "kind": "bytes-in", "timestamp": 3.0861403942108154}
{"id": 1, "bytes": 108, "kind": "bytes-out", "timestamp": 3.4416000843048096}
{"id": 1, "bytes": 668, "kind": "bytes-out", "timestamp": 3.442035675048828}
{"id": 1, "bytes": 60, "kind": "bytes-out", "timestamp": 3.442363739013672}
{"id": 1, "bytes": 36, "kind": "bytes-in", "timestamp": 5.937513589859009}
{"id": 1, "bytes": 36, "kind": "bytes-in", "timestamp": 6.1192262172698975}
{"id": 1, "bytes": 36, "kind": "bytes-out", "timestamp": 6.192065715789795}
{"id": 1, "bytes": 36, "kind": "bytes-in", "timestamp": 6.213802337646484}
{"id": 1, "bytes": 36, "kind": "bytes-in", "timestamp": 6.294963598251343}
{"id": 1, "bytes": 36, "kind": "bytes-out", "timestamp": 6.333325386047363}
{"id": 1, "bytes": 36, "kind": "bytes-in", "timestamp": 6.496645212173462}
{"id": 1, "bytes": 36, "kind": "bytes-out", "timestamp": 6.566128253936768}
{"id": 1, "bytes": 36, "kind": "bytes-out", "timestamp": 6.567610025405884}
{"id": 1, "bytes": 36, "kind": "bytes-out", "timestamp": 6.803251504898071}
{"id": 1, "bytes": 36, "kind": "bytes-in", "timestamp": 7.300229787826538}
{"id": 1, "bytes": 36, "kind": "bytes-out", "timestamp": 7.55157208442688}
{"id": 1, "bytes": 36, "kind": "bytes-in", "timestamp": 7.724181175231934}
{"id": 1, "bytes": 36, "kind": "bytes-in", "timestamp": 7.890182256698608}
{"id": 1, "bytes": 36, "kind": "bytes-out", "timestamp": 7.9618799686431885}
{"id": 1, "bytes": 36, "kind": "bytes-in", "timestamp": 7.96571159362793}
{"id": 1, "bytes": 36, "kind": "bytes-in", "timestamp": 8.0519859790802}
{"id": 1, "bytes": 36, "kind": "bytes-out", "timestamp": 8.09884262084961}
{"id": 1, "bytes": 36, "kind": "bytes-in", "timestamp": 8.13437533378601}
{"id": 1, "bytes": 36, "kind": "bytes-out", "timestamp": 8.234243154525757}
{"id": 1, "bytes": 36, "kind": "bytes-in", "timestamp": 8.245336055755615}
{"id": 1, "bytes": 36, "kind": "bytes-out", "timestamp": 8.302200317382812}
{"id": 1, "bytes": 36, "kind": "bytes-out", "timestamp": 8.37195110321045}
{"id": 1, "bytes": 36, "kind": "bytes-in", "timestamp": 8.372792959213257}
{"id": 1, "bytes": 36, "kind": "bytes-in", "timestamp": 8.463535070419312}
{"id": 1, "bytes": 36, "kind": "bytes-out", "timestamp": 8.509737014770508}
{"id": 1, "bytes": 36, "kind": "bytes-in", "timestamp": 8.637100219726562}
{"id": 1, "bytes": 36, "kind": "bytes-out", "timestamp": 8.645970582962036}
{"id": 1, "bytes": 36, "kind": "bytes-out", "timestamp": 8.716913938522339}
{"id": 1, "bytes": 36, "kind": "bytes-out", "timestamp": 8.858344554901123}
{"id": 1, "bytes": 156, "kind": "bytes-out", "timestamp": 8.859935522079468}
{"id": 1, "bytes": 36, "kind": "bytes-in", "timestamp": 27.023802518844604}
{"id": 1, "bytes": 52, "kind": "bytes-out", "timestamp": 27.273189306259155}
{"id": 1, "bytes": 36, "kind": "bytes-in", "timestamp": 27.710275411605835}
{"id": 1, "bytes": 52, "kind": "bytes-out", "timestamp": 27.959952116012573}
{"id": 1, "bytes": 148, "kind": "bytes-out", "timestamp": 27.96175479888916}
{"id": 1, "bytes": 36, "kind": "bytes-in", "timestamp": 28.091883659362793}
{"id": 1, "bytes": 36, "kind": "bytes-in", "timestamp": 28.192981958389282}
{"id": 1, "bytes": 36, "kind": "bytes-in", "timestamp": 28.294397592544556}
{"id": 1, "bytes": 36, "kind": "bytes-in", "timestamp": 28.33403515815735}
{"id": 1, "bytes": 36, "kind": "bytes-out", "timestamp": 28.343271732330322}
{"id": 1, "bytes": 36, "kind": "bytes-out", "timestamp": 28.40972375869751}
{"id": 1, "bytes": 36, "kind": "bytes-in", "timestamp": 28.415531396865845}
{"id": 1, "bytes": 36, "kind": "bytes-out", "timestamp": 28.502840757369995}
{"id": 1, "bytes": 36, "kind": "bytes-in", "timestamp": 28.535831212997437}
{"id": 1, "bytes": 36, "kind": "bytes-out", "timestamp": 28.57434344291687}
{"id": 1, "bytes": 36, "kind": "bytes-out", "timestamp": 28.645458936691284}
{"id": 1, "bytes": 52, "kind": "bytes-out", "timestamp": 28.881882190704346}
{"id": 1, "bytes": 44, "kind": "bytes-out", "timestamp": 28.883562803268433}
{"id": 1, "bytes": 96, "kind": "bytes-out", "timestamp": 28.8839693069458}
{"id": 1, "bytes": 36, "kind": "bytes-in", "timestamp": 31.97152805328369}
{"id": 1, "bytes": 60, "kind": "bytes-out", "timestamp": 32.228837728500366}
{"id": 1, "bytes": 176, "kind": "bytes-out", "timestamp": 32.229408979415894}
{"id": 1, "bytes": 96, "kind": "bytes-in", "timestamp": 32.229941606521606}
{"id": 1, "kind": "outgoing-done", "timestamp": 32.47497010231018}
{"result": "happy", "kind": "closed", "timestamp": 34.56743550300598}
